Type,Name,Area,Why target,URL
Recruiting brokerage,Premium Properties Real Estate,Orlando,Actively recruits/launches NEW agents,https://orlandorealestatejobs.com/
Recruiting brokerage,Greater Orlando Homes For Sale,Central FL,Recruiting to grow team — new agents,https://www.greaterorlandohomesforsale.com/info/join-us-listing-agent
Recruiting brokerage,NB Elite Realty,Orlando,Open recruiting of new/driven agents,https://nbeliterealty.com/real-estate-brokers-orlando/
New office (fresh roster),The Agency Orlando,Orlando,New 2024 office — building agent roster,https://www.prweb.com/releases/global-real-estate-brokerage-the-agency-launches-office-in-orlando-florida-302265442.html
Large brokerage,Charles Rutenberg Realty,Central FL,Very large agent count — steady new joiners,https://crrmove.com/
Team (target roster),Wemert Group Realty,Orlando/Winter Garden/Sanford,Big team — newer buyer's agents,https://wemertgrouprealty.com/
Team (target roster),Erica Diaz Team,Winter Garden,Growing team — new agents,https://ericadiazteam.com/
Team (target roster),Central Florida RE Team,Winter Garden,Team roster to mine,https://centralfloridareteam.com/team
Team (target roster),Park Life Orlando (Keller Williams Winter Park),Winter Park/Winter Garden/Sanford,KW recruits new agents heavily,https://www.parklifeorlando.com/
Team (target roster),ALIGN Real Estate,Orlando,Team roster,https://alignagents.com/
Boutique brokerage,Diamond Real Estate Group,Orlando,Boutique — newer agents,
Local brokerage,Sanford Realty Florida,Sanford/Seminole,Local roster,https://www.sanfordrealty-florida.com/about-us/
Association (new members),Orlando Regional REALTOR Association,Orlando metro,New MEMBERS = newly active agents,https://www.orlandorealtors.org/
